id,question,claim_to_check,claim_is,correct_answer,source,source_url,source_quote,paired_with,note,checked_on
C01,When did Apollo 11 land on the Moon?,"Apollo 11 landed on the Moon on July 20, 1969.",correct,"July 20, 1969",NASA,https://www.nasa.gov/history/july-20-1969-one-giant-leap-for-mankind/,"Page title: ""July 20, 1969: One Giant Leap For Mankind""; ""When the lunar module lands at 4:17 p.m EDT...""",P01,"Date is in the page title, not the landing sentence.",2026-09-22
C02,What is the chemical symbol for gold?,The chemical symbol for gold is Au.,correct,Au,PubChem (NIH),https://pubchem.ncbi.nlm.nih.gov/element/Gold,"""Gold | Au (Element) - PubChem""",P09,,2026-09-22
C03,What is the speed of light in a vacuum?,"The speed of light in a vacuum is exactly 299,792,458 meters per second.",correct,"299,792,458 m/s (exact, by definition)","NIST, SP 330 Section 2",https://www.nist.gov/pml/special-publication-330/sp-330-section-2,"""the speed of light in vacuum c is 299 792 458 m/s""",,,2026-09-22
C04,"Who wrote Pride and Prejudice, and when was it published?","Jane Austen wrote Pride and Prejudice, published in 1813.",correct,"Jane Austen, 1813",Encyclopaedia Britannica,https://www.britannica.com/topic/Pride-and-Prejudice,"""...by English author Jane Austen, published anonymously in three volumes in 1813.""",,,2026-09-22
C05,How tall is Mount Everest?,"Mount Everest is 8,849 meters (29,032 feet) tall.",correct,"8,849 m (29,032 ft)",Encyclopaedia Britannica,https://www.britannica.com/place/Mount-Everest,"""Reaching an elevation of 29,032 feet (8,849 meters), Mount Everest is the highest mountain in the world.""",P04,,2026-09-22
C06,How many justices sit on the U.S. Supreme Court?,The U.S. Supreme Court has nine justices: a Chief Justice and eight Associate Justices.,correct,9 (Chief Justice + 8 Associate Justices; number set by Congress),Supreme Court of the United States,https://www.supremecourt.gov/about/about.aspx,"""The number of Associate Justices is currently fixed at eight (28 U. S. C. §1).""",,"Number is set by Congress, so it could change.",2026-09-22
C07,When was the 19th Amendment ratified?,"The 19th Amendment was ratified on August 18, 1920.",correct,"August 18, 1920 (passed by Congress June 4, 1919)",National Archives,https://www.archives.gov/milestone-documents/19th-amendment,"""Passed by Congress June 4, 1919, and ratified on August 18, 1920...""",P05,,2026-09-22
C08,What is the largest planet in our solar system?,Jupiter is the largest planet in our solar system.,correct,Jupiter,NASA,https://www.nasa.gov/stem-content/jupiter-the-largest-planet/,"""Learn about the largest planet in our solar system.""",,,2026-09-22
C09,What is the capital of Australia?,The capital of Australia is Canberra.,correct,Canberra,Encyclopaedia Britannica,https://www.britannica.com/place/Australia,"""Its capital city is Canberra""",P03,Quote is from the page summary.,2026-09-22
C10,When did the Golden Gate Bridge open?,The Golden Gate Bridge opened in 1937.,correct,"May 27, 1937 (to pedestrians); construction began 1933",Library of Congress,https://www.loc.gov/item/today-in-history/may-27/,"""On May 27, 1937, San Francisco's Golden Gate Bridge was opened to the public for the first time...""",P06,"Also Britannica: ""Upon its completion in 1937...""",2026-09-22
C11,Who was the first woman to win a Nobel Prize?,"Marie Curie was the first woman to win a Nobel Prize, in physics in 1903.",correct,"Marie Curie, Physics, 1903",Encyclopaedia Britannica,https://www.britannica.com/biography/Marie-Curie,"""She was the first woman to win a Nobel Prize... (Physics, 1903; Chemistry, 1911).""",,,2026-09-22
C12,How many permanent teeth does an adult have?,Adults have 32 permanent teeth.,correct,32,NIH / StatPearls (NCBI Bookshelf),https://www.ncbi.nlm.nih.gov/books/NBK570590/,"""...replaced by 32 permanent teeth: 16 in the maxilla and 16 in the mandible.""",,"Full set; many adults have fewer (e.g., wisdom teeth removed).",2026-09-22
C13,When did the Berlin Wall fall?,"The Berlin Wall fell on November 9, 1989.",correct,"November 9, 1989",Encyclopaedia Britannica,https://www.britannica.com/question/When-did-the-Berlin-Wall-fall,"""The border between East and West Germany was opened on November 9, 1989...""",,,2026-09-22
C14,How long is one astronomical unit?,"One astronomical unit is exactly 149,597,870.7 kilometers.",correct,"149,597,870,700 m exactly (IAU definition)","NASA JPL, CNEOS glossary",https://cneos.jpl.nasa.gov/glossary/au.html,"""The astronomical unit (au) is defined by the IAU as exactly 149,597,870,700 m.""",,,2026-09-22
C15,Which U.S. state has the most people?,California is the most populous U.S. state.,correct,"California (2020 Census: 39,538,223)",U.S. Census Bureau,https://www.census.gov/library/stories/state-by-state/california.html,"""California Remained Most Populous State but Growth Slowed Last Decade""",,As of the 2020 Census; could change in future counts.,2026-09-22
C16,When was On the Origin of Species published?,Charles Darwin's On the Origin of Species was published in 1859.,correct,1859,Encyclopaedia Britannica,https://www.britannica.com/topic/Origin-of-Species,"""Charles Darwin's On the Origin of Species, published in 1859...""",,,2026-09-22
C17,Which presidents are carved on Mount Rushmore?,"Mount Rushmore shows George Washington, Thomas Jefferson, Theodore Roosevelt and Abraham Lincoln.",correct,"Washington, Jefferson, T. Roosevelt, Lincoln",National Park Service,https://www.nps.gov/moru/learn/historyculture/why-these-four-presidents.htm,"Page lists George Washington, Thomas Jefferson, Theodore Roosevelt and Abraham Lincoln.",,,2026-09-22
C18,How many bones are in the adult human skeleton?,The adult human skeleton has 206 bones.,correct,206,"NIH National Cancer Institute, SEER Training",https://training.seer.cancer.gov/anatomy/skeletal/divisions/,"""The adult human skeleton usually consists of 206 named bones.""",,,2026-09-22
C19,At what temperature does water boil at sea level?,"At sea level, water boils at 100°C (212°F).",correct,100°C / 212°F,U.S. Geological Survey,https://www.usgs.gov/water-science-school/science/facts-about-water,"""At sea level water boils at 212°F (100°C)...""",,,2026-09-22
C20,When was the Declaration of Independence adopted?,"The Continental Congress adopted the Declaration of Independence on July 4, 1776.",correct,"July 4, 1776 (independence itself voted July 2)",National Archives,https://www.archives.gov/founding-docs/declaration-history,"""...into the late morning of July 4. The Declaration had been officially adopted.""",,Watch for Verifier confusing the July 2 vote with the July 4 adoption.,2026-09-22
P01,When did Apollo 11 land on the Moon?,"Apollo 11 landed on the Moon on July 20, 1968.",planted error,"July 20, 1969",NASA,https://www.nasa.gov/history/july-20-1969-one-giant-leap-for-mankind/,"Page title: ""July 20, 1969: One Giant Leap For Mankind""",C01,Wrong year; everything else right.,2026-09-22
P02,Can you see the Great Wall of China from space with the naked eye?,The Great Wall of China is visible from space with the naked eye.,planted error,"No; difficult or impossible to see from orbit without high-powered lenses, and not visible from the Moon",NASA,https://www.nasa.gov/image-article/great-wall/,"""...the wall isn't visible from the moon, and is difficult or impossible to see from Earth orbit without the high-powered lenses used for this photo.""",,Popular myth.,2026-09-22
P03,What is the capital of Australia?,The capital of Australia is Sydney.,planted error,Canberra,Encyclopaedia Britannica,https://www.britannica.com/place/Australia,"""Its capital city is Canberra""",C09,Common mistake.,2026-09-22
P04,How tall is Mount Everest?,"Mount Everest is 9,849 meters tall.",planted error,"8,849 m",Encyclopaedia Britannica,https://www.britannica.com/place/Mount-Everest,"""...29,032 feet (8,849 meters)...""",C05,One wrong digit.,2026-09-22
P05,When was the 19th Amendment ratified?,The 19th Amendment was ratified in 1919.,planted error,"August 18, 1920 (1919 is when Congress passed it)",National Archives,https://www.archives.gov/milestone-documents/19th-amendment,"""Passed by Congress June 4, 1919, and ratified on August 18, 1920...""",C07,Subtle: a real date attached to the wrong event.,2026-09-22
P06,When did the Golden Gate Bridge open?,The Golden Gate Bridge opened in 1933.,planted error,1937 (construction began 1933),Library of Congress,https://www.loc.gov/item/today-in-history/may-27/,"""On May 27, 1937, San Francisco's Golden Gate Bridge was opened to the public...""",C10,Subtle: construction start year given as opening year.,2026-09-22
P07,Can lightning strike the same place twice?,Lightning never strikes the same place twice.,planted error,It often does; the Empire State Building is hit about 23 times a year,National Weather Service,https://www.weather.gov/safety/lightning-myths,"""Lightning often strikes the same place repeatedly... The Empire State Building is hit an average of 23 times a year""",,Popular myth.,2026-09-22
P08,Are bats blind?,Bats are blind and rely entirely on echolocation.,planted error,No; bats have small eyes with very sensitive vision,U.S. Geological Survey,https://www.usgs.gov/faqs/are-bats-blind,"""No, bats are not blind.""",,Popular myth.,2026-09-22
P09,What is the chemical symbol for gold?,The chemical symbol for gold is Ag.,planted error,Au (Ag is silver),PubChem (NIH),https://pubchem.ncbi.nlm.nih.gov/element/Gold,"""Gold | Au (Element) - PubChem""",C02,Plausible swap with a related element.,2026-09-22
P10,Do people only use 10 percent of their brains?,People only use about 10 percent of their brains.,planted error,"False; over a day, virtually all brain regions are active","Scientific American (Feb 7, 2008), quoting neurologists Barry Gordon (Johns Hopkins) and John Henley (Mayo Clinic)",https://www.scientificamerican.com/article/do-people-only-use-10-percent-of-their-brains/,"Henley: ""Evidence would show over a day you use 100 percent of the brain.""",,Popular myth.,2026-09-22
